{"28": {"realtor": "AFI FastighetsM\u00e4klare", "sold homes": 1, "% of sales": 0.05131665325767548, "% of sold homes": 0.043936731107205626, "avg price development": 5000.0, "average % development": 0.1}, "17": {"realtor": "Ambassad\u00f6r Fastighetsm\u00e4kleri AB", "sold homes": 2, "% of sales": 0.08225757654539158, "% of sold homes": 0.08787346221441125, "avg price development": 280000.0, "average % development": 8.85}, "2": {"realtor": "Bjurfors Uppsala", "sold homes": 136, "% of sales": 6.267725470092617, "% of sold homes": 5.975395430579965, "avg price development": 157316.17647058822, "average % development": 6.591176470588234}, "21": {"realtor": "Brege & Holm Fastighetsm\u00e4klare", "sold homes": 2, "% of sales": 0.04905268326101333, "% of sold homes": 0.08787346221441125, "avg price development": 127500.0, "average % development": 8.45}, "18": {"realtor": "ERA Fyris Bostad", "sold homes": 13, "% of sales": 0.5125628072443116, "% of sold homes": 0.5711775043936731, "avg price development": 147692.3076923077, "average % development": 7.023076923076923}, "22": {"realtor": "Eklund Fastighetsm\u00e4kleri", "sold homes": 5, "% of sales": 0.31876697553003125, "% of sold homes": 0.21968365553602812, "avg price development": 621000.0, "average % development": 16.64}, "26": {"realtor": "Eklund Stockholm New York", "sold homes": 1, "% of sales": 0.1856455397262966, "% of sold homes": 0.043936731107205626, "avg price development": 0.0, "average % development": 0.0}, "7": {"realtor": "Erik Olsson Fastighetsf\u00f6rmedling", "sold homes": 9, "% of sales": 0.3906857557573323, "% of sold homes": 0.3954305799648506, "avg price development": 102777.77777777778, "average % development": 4.411111111111111}, "0": {"realtor": "Fastighetsbyr\u00e5n Uppsala", "sold homes": 204, "% of sales": 7.850089566426352, "% of sold homes": 8.963093145869948, "avg price development": 168529.41176470587, "average % development": 7.534803921568626}, "34": {"realtor": "Fastighetsm\u00e4klarna", "sold homes": 1, "% of sales": 0.03697817661214851, "% of sold homes": 0.043936731107205626, "avg price development": 150000.0, "average % development": 6.5}, "27": {"realtor": "GESON M\u00c4KLARE", "sold homes": 1, "% of sales": 0.054335279919891684, "% of sold homes": 0.043936731107205626, "avg price development": 200000.0, "average % development": 5.9}, "32": {"realtor": "Historiska Hem", "sold homes": 1, "% of sales": 0.14338476645526974, "% of sold homes": 0.043936731107205626, "avg price development": 0.0, "average % development": 0.0}, "30": {"realtor": "Husaff\u00e4ren i Roslagen", "sold homes": 1, "% of sales": 0.0354688632810404, "% of sold homes": 0.043936731107205626, "avg price development": 50000.0, "average % development": 2.2}, "11": {"realtor": "HusmanHagberg Uppsala", "sold homes": 79, "% of sales": 2.902635932720547, "% of sold homes": 3.4710017574692444, "avg price development": 123037.97468354431, "average % development": 5.199999999999998}, "20": {"realtor": "Komplett M\u00e4kleri i Sverige AB", "sold homes": 4, "% of sales": 0.22209545667255726, "% of sold homes": 0.1757469244288225, "avg price development": 447500.0, "average % development": 11.1}, "24": {"realtor": "Leijonhufvud Fastighetsbyr\u00e5", "sold homes": 5, "% of sales": 0.24850843996694905, "% of sold homes": 0.21968365553602812, "avg price development": 212000.0, "average % development": 5.779999999999999}, "9": {"realtor": "L\u00e4nsf\u00f6rs\u00e4kringar Fastighetsf\u00f6rmedling Uppsala", "sold homes": 231, "% of sales": 11.79144248018215, "% of sold homes": 10.1493848857645, "avg price development": 294201.2987012987, "average % development": 9.32424242424242}, "8": {"realtor": "MOHV Uppsala", "sold homes": 46, "% of sales": 2.21114403007337, "% of sold homes": 2.0210896309314585, "avg price development": 239130.4347826087, "average % development": 7.384782608695652}, "19": {"realtor": "M\u00e4klare Kulling", "sold homes": 18, "% of sales": 0.7326206909198729, "% of sold homes": 0.7908611599297012, "avg price development": 178055.55555555556, "average % development": 6.938888888888889}, "29": {"realtor": "M\u00e4klarhuset G\u00e4vle", "sold homes": 2, "% of sales": 0.08014453788184024, "% of sold homes": 0.08787346221441125, "avg price development": 280000.0, "average % development": 11.7}, "31": {"realtor": "M\u00e4klarhuset Sp\u00e5nga", "sold homes": 1, "% of sales": 0.03169557995327015, "% of sold homes": 0.043936731107205626, "avg price development": 305000.0, "average % development": 17.0}, "5": {"realtor": "M\u00e4klarhuset Uppsala", "sold homes": 224, "% of sales": 9.988213017540712, "% of sold homes": 9.84182776801406, "avg price development": 224361.60714285713, "average % development": 8.279464285714282}, "16": {"realtor": "M\u00e4klarringen Uppsala", "sold homes": 34, "% of sales": 1.304137276877267, "% of sold homes": 1.4938488576449913, "avg price development": 122823.5294117647, "average % development": 5.449999999999999}, "13": {"realtor": "Nestor Fastighetsm\u00e4kleri", "sold homes": 1, "% of sales": 0.016602446642189125, "% of sold homes": 0.043936731107205626, "avg price development": 0.0, "average % development": 0.0}, "3": {"realtor": "Notar", "sold homes": 334, "% of sales": 13.612119604931198, "% of sold homes": 14.674868189806679, "avg price development": 253401.19760479042, "average % development": 10.376047904191616}, "15": {"realtor": "Return On Investment Fastighetsm\u00e4kleri AB", "sold homes": 34, "% of sales": 1.3622307469916177, "% of sold homes": 1.4938488576449913, "avg price development": 177205.88235294117, "average % development": 6.36470588235294}, "12": {"realtor": "Riksm\u00e4klaren", "sold homes": 88, "% of sales": 4.670494637447468, "% of sold homes": 3.866432337434095, "avg price development": 176136.36363636365, "average % development": 4.610227272727274}, "14": {"realtor": "SkandiaM\u00e4klarna Uppsala", "sold homes": 106, "% of sales": 4.190532998155091, "% of sold homes": 4.6572934973637965, "avg price development": 203084.90566037735, "average % development": 8.22452830188679}, "1": {"realtor": "Stad&Land", "sold homes": 6, "% of sales": 0.2317550619916491, "% of sold homes": 0.26362038664323373, "avg price development": 401666.6666666667, "average % development": 13.233333333333334}, "33": {"realtor": "Stefan Blomdin", "sold homes": 1, "% of sales": 0.028676953291053946, "% of sold homes": 0.043936731107205626, "avg price development": 0.0, "average % development": 0.0}, "4": {"realtor": "Svensk Fastighetsf\u00f6rmedling Uppsala", "sold homes": 196, "% of sales": 7.7986974475021205, "% of sold homes": 8.611599297012303, "avg price development": 176147.95918367346, "average % development": 7.582653061224487}, "10": {"realtor": "Svenska M\u00e4klarhuset Uppsala", "sold homes": 108, "% of sales": 4.7647512549751685, "% of sold homes": 4.745166959578207, "avg price development": 184814.8148148148, "average % development": 8.904629629629632}, "23": {"realtor": "Urban by ESNY", "sold homes": 3, "% of sales": 0.16496794709011559, "% of sold homes": 0.13181019332161686, "avg price development": 563333.3333333334, "average % development": 13.766666666666666}, "25": {"realtor": "Widerl\u00f6v Stockholm", "sold homes": 1, "% of sales": 0.04588312526568631, "% of sold homes": 0.043936731107205626, "avg price development": 265000.0, "average % development": 9.5}, "6": {"realtor": "Widerl\u00f6v Uppsala", "sold homes": 377, "% of sales": 17.622380218818737, "% of sold homes": 16.56414762741652, "avg price development": 276660.4774535809, "average % development": 10.116710875331567}}